{"_wandb":{"runtime":54},"_step":83,"support_loss":0.8694887161254883,"_timestamp":1.745779556778931e+09,"_runtime":54.316332639,"meta_loss":1.086373209953308}