{"_runtime":476.961204314,"_step":2339,"meta_loss":0.6975423097610474,"_wandb":{"runtime":476},"support_loss":0.10845685750246048,"_timestamp":1.7457776764626102e+09}