{"_wandb":{"runtime":473},"support_loss":0.1185847818851471,"_timestamp":1.7457782305985863e+09,"_runtime":473.822834615,"_step":2339,"meta_loss":0.3075130581855774}