{"_wandb":{"runtime":106},"support_loss":0.7637261152267456,"_timestamp":1.7457762788620608e+09,"_runtime":106.741935494,"_step":519}