{"_timestamp":1.7457794346855292e+09,"_runtime":682.380675225,"_step":1023,"meta_loss":0.46082833409309387,"_wandb":{"runtime":682},"support_loss":0.6653445959091187}