{"_step":1679,"meta_loss":0.36135706305503845,"_wandb":{"runtime":1112},"support_loss":0.205515056848526,"_timestamp":1.745780790805392e+09,"_runtime":1112.22769871}