{"support_loss":0.19865749776363373,"_timestamp":1.745776831650902e+09,"_runtime":470.293238593,"_step":2339,"meta_loss":0.3150453567504883,"_wandb":{"runtime":470}}