bleu,chrf,meteor,bertscore_f1,model,time_taken
39.47098647018119,61.30679948521058,0.509005558426546,0.7025598287582397,MarianNMT,411.07706689834595
31.280607582658753,50.48987822880072,0.39772262310523104,0.5720916390419006,M2M100,679.917765378952
10.959498321927944,24.132859955154988,0.08897307123486821,0.38357529044151306,NLLB,541.4746413230896
