bleu,chrf,meteor,bertscore_f1,model,time_taken
80.48902338868102,88.34768749913579,0.8186412705791294,0.9002937078475952,MarianNMT,7928.843604564667
