bleu,chrf,meteor,bertscore_f1,model,time_taken
34.560817084628674,60.741148928475006,0.49513161128653177,0.6609113216400146,MarianNMT,2455.4292685985565
