bleu,chrf,meteor,bertscore_f1,model,time_taken
84.83752847309134,91.76568680205771,0.7786305973154931,0.8480260968208313,MarianNMT,6.153034448623657
