bleu,chrf,meteor,bertscore_f1,model,time_taken
54.14432534858639,73.29279801455655,0.6107259656130186,0.7746767401695251,MarianNMT,1568.2099924087524
